/*
SQLyog Professional v12.09 (64 bit)
MySQL - 8.0.16 : Database - videowebsite
*********************************************************************
*/

/*!40101 SET NAMES utf8 */;

/*!40101 SET SQL_MODE=''*/;

/*!40014 SET @OLD_UNIQUE_CHECKS=@@UNIQUE_CHECKS, UNIQUE_CHECKS=0 */;
/*!40014 SET @OLD_FOREIGN_KEY_CHECKS=@@FOREIGN_KEY_CHECKS, FOREIGN_KEY_CHECKS=0 */;
/*!40101 SET @OLD_SQL_MODE=@@SQL_MODE, SQL_MODE='NO_AUTO_VALUE_ON_ZERO' */;
/*!40111 SET @OLD_SQL_NOTES=@@SQL_NOTES, SQL_NOTES=0 */;
CREATE DATABASE /*!32312 IF NOT EXISTS*/`videowebsite` /*!40100 DEFAULT CHARACTER SET utf8mb4 COLLATE utf8mb4_0900_ai_ci */ /*!80016 DEFAULT ENCRYPTION='N' */;

USE `videowebsite`;

/*Table structure for table `ban_keyword` */

DROP TABLE IF EXISTS `ban_keyword`;

CREATE TABLE `ban_keyword` (
  `ban_keyword_id` int(11) NOT NULL AUTO_INCREMENT,
  `ban_keyword_userid` int(11) NOT NULL,
  `ban_keyword_string` varchar(255) CHARACTER SET utf8 COLLATE utf8_general_ci NOT NULL,
  PRIMARY KEY (`ban_keyword_id`) USING BTREE
) ENGINE=InnoDB AUTO_INCREMENT=36 DEFAULT CHARSET=utf8 ROW_FORMAT=COMPACT;

/*Data for the table `ban_keyword` */

insert  into `ban_keyword`(`ban_keyword_id`,`ban_keyword_userid`,`ban_keyword_string`) values (26,1,'yyds'),(27,5,'hhh'),(28,5,'呵呵'),(30,3,'小虎！'),(31,1,'哈哈'),(32,1,'呵呵'),(34,1,'销户');

/*Table structure for table `complaint` */

DROP TABLE IF EXISTS `complaint`;

CREATE TABLE `complaint` (
  `complaint_id` int(11) NOT NULL AUTO_INCREMENT,
  `complaint_danmaku_id` int(11) NOT NULL,
  `complaint_user_id` int(11) NOT NULL,
  `complaint_type` int(255) DEFAULT NULL,
  `complaint_describe` varchar(255) CHARACTER SET utf8 COLLATE utf8_general_ci DEFAULT NULL,
  `complaint_status` int(11) DEFAULT NULL COMMENT '弹幕处理[0-未处理,1-被驳回,2-已处理]',
  PRIMARY KEY (`complaint_id`) USING BTREE
) ENGINE=InnoDB AUTO_INCREMENT=59 DEFAULT CHARSET=utf8 ROW_FORMAT=COMPACT;

/*Data for the table `complaint` */

insert  into `complaint`(`complaint_id`,`complaint_danmaku_id`,`complaint_user_id`,`complaint_type`,`complaint_describe`,`complaint_status`) values (49,165,2,1,'1',1),(51,223,3,3,'刷屏！',2),(56,238,2,2,'',2),(57,273,1,4,'a',2),(58,261,1,3,'111',0);

/*Table structure for table `complainttype` */

DROP TABLE IF EXISTS `complainttype`;

CREATE TABLE `complainttype` (
  `complainttype_id` int(11) NOT NULL AUTO_INCREMENT,
  `complainttype_name` varchar(255) CHARACTER SET utf8 COLLATE utf8_general_ci DEFAULT NULL,
  PRIMARY KEY (`complainttype_id`) USING BTREE
) ENGINE=InnoDB AUTO_INCREMENT=13 DEFAULT CHARSET=utf8 ROW_FORMAT=COMPACT;

/*Data for the table `complainttype` */

insert  into `complainttype`(`complainttype_id`,`complainttype_name`) values (1,'违法违禁'),(2,'色情低俗'),(3,'恶意刷屏'),(4,'赌博诈骗'),(5,'人身攻击'),(6,'侵犯隐私'),(7,'垃圾广告'),(8,'视频无关'),(9,'引战'),(10,'剧透'),(11,'青少年不良信息'),(12,'其它');

/*Table structure for table `danmaku` */

DROP TABLE IF EXISTS `danmaku`;

CREATE TABLE `danmaku` (
  `danmaku_id` int(11) NOT NULL AUTO_INCREMENT COMMENT '该表部分字段对应于[视频弹幕管理]侧边栏',
  `danmaku_videoid` int(11) NOT NULL,
  `danmaku_videotime` int(11) NOT NULL COMMENT '视频中的时间点',
  `danmaku_content` varchar(255) CHARACTER SET utf8 COLLATE utf8_general_ci NOT NULL,
  `danmaku_color` varchar(255) CHARACTER SET utf8 COLLATE utf8_general_ci DEFAULT NULL,
  `danmaku_type` int(11) DEFAULT NULL COMMENT '弹幕[底部、顶部、滚动]',
  `danmaku_fontsize` int(11) DEFAULT NULL COMMENT '大小',
  `danmaku_senderid` int(11) NOT NULL COMMENT '发送弹幕的用户ID',
  `danmaku_sendtime` datetime NOT NULL COMMENT '弹幕发送时间',
  `danmaku_status` int(11) NOT NULL COMMENT '弹幕是否隐藏[视频弹幕管理]',
  PRIMARY KEY (`danmaku_id`) USING BTREE
) ENGINE=InnoDB AUTO_INCREMENT=274 DEFAULT CHARSET=utf8 ROW_FORMAT=COMPACT;

/*Data for the table `danmaku` */

insert  into `danmaku`(`danmaku_id`,`danmaku_videoid`,`danmaku_videotime`,`danmaku_content`,`danmaku_color`,`danmaku_type`,`danmaku_fontsize`,`danmaku_senderid`,`danmaku_sendtime`,`danmaku_status`) values (112,4,29,'销户，我的超人！','#ff0000',0,1,1,'2022-06-02 03:29:01',0),(113,4,33,'销户，我的超人！','#ff0000',1,1,1,'2022-06-02 03:29:08',0),(114,4,33,'销户，我的超人！','#ff0000',1,1,1,'2022-06-02 03:29:10',0),(115,4,36,'销户，我的超人！','#ff0000',1,1,1,'2022-06-02 03:29:13',0),(116,4,36,'销户，我的超人！','#ff0000',1,1,1,'2022-06-02 03:29:14',0),(117,4,42,'销户，我的超人！','#ff0000',1,1,1,'2022-06-02 03:29:17',0),(118,4,48,'销户，我的超人！','#ff0000',1,1,1,'2022-06-02 03:29:21',0),(119,4,855,'我希望我的后辈们能够记住，在你踏上职业道路的这一刻开始，你的目标就只有：冠军！','#ff0000',1,0,1,'2022-06-02 03:30:23',0),(120,4,871,'我希望我的后辈们能够记住，在你踏上职业道路的这一刻开始，你的目标就只有：冠军！','#ff0000',1,0,1,'2022-06-02 03:30:27',0),(121,4,871,'我希望我的后辈们能够记住，在你踏上职业道路的这一刻开始，你的目标就只有：冠军！','#ff0000',1,0,1,'2022-06-02 03:30:28',0),(122,4,871,'我希望我的后辈们能够记住，在你踏上职业道路的这一刻开始，你的目标就只有：冠军！','#ff0000',1,0,1,'2022-06-02 03:30:29',0),(123,4,871,'我希望我的后辈们能够记住，在你踏上职业道路的这一刻开始，你的目标就只有：冠军！','#ff0000',1,0,1,'2022-06-02 03:30:30',0),(124,4,841,'我希望我的后辈们能够记住，在你踏上职业道路的这一刻开始，你的目标就只有：冠军！','#ff0000',1,0,1,'2022-06-02 03:30:33',0),(125,4,850,'我希望我的后辈们能够记住，在你踏上职业道路的这一刻开始，你的目标就只有：冠军！','#ff0000',1,0,1,'2022-06-02 03:30:36',0),(126,4,826,'我希望我的后辈们能够记住，在你踏上职业道路的这一刻开始，你的目标就只有：冠军！','#ff0000',1,1,1,'2022-06-02 03:31:07',0),(127,4,836,'我希望我的后辈们能够记住，在你踏上职业道路的这一刻开始，你的目标就只有：冠军！','#ff0000',1,0,1,'2022-06-02 03:31:20',0),(128,4,851,'我希望我的后辈们能够记住，在你踏上职业道路的这一刻开始，你的目标就只有：冠军！','#ff0000',1,0,1,'2022-06-02 03:31:25',0),(129,4,873,'我希望我的后辈们能够记住，在你踏上职业道路的这一刻开始，你的目标就只有：冠军！','#ff0000',1,0,1,'2022-06-02 03:31:29',0),(130,4,873,'我希望我的后辈们能够记住，在你踏上职业道路的这一刻开始，你的目标就只有：冠军！','#ff0000',1,0,1,'2022-06-02 03:31:30',0),(131,4,873,'我希望我的后辈们能够记住，在你踏上职业道路的这一刻开始，你的目标就只有：冠军！','#ff0000',1,0,1,'2022-06-02 03:31:31',0),(132,4,873,'我希望我的后辈们能够记住，在你踏上职业道路的这一刻开始，你的目标就只有：冠军！','#ff0000',1,0,1,'2022-06-02 03:31:31',0),(133,4,886,'我希望我的后辈们能够记住，在你踏上职业道路的这一刻开始，你的目标就只有：冠军！','#ff0000',2,0,1,'2022-06-02 03:31:39',0),(134,4,895,'我希望我的后辈们能够记住，在你踏上职业道路的这一刻开始，你的目标就只有：冠军！','#ffffff',0,1,1,'2022-06-02 03:31:56',0),(135,4,895,'我希望我的后辈们能够记住，在你踏上职业道路的这一刻开始，你的目标就只有：冠军！','#ffffff',0,1,1,'2022-06-02 03:31:57',0),(136,4,895,'我希望我的后辈们能够记住，在你踏上职业道路的这一刻开始，你的目标就只有：冠军！','#ffffff',0,1,1,'2022-06-02 03:31:58',0),(137,4,895,'我希望我的后辈们能够记住，在你踏上职业道路的这一刻开始，你的目标就只有：冠军！','#ffffff',0,1,1,'2022-06-02 03:31:58',0),(138,4,872,'我希望我的后辈们能够记住，在你踏上职业道路的这一刻开始，你的目标就只有：冠军！','#ff0000',1,1,1,'2022-06-02 03:32:20',0),(139,4,872,'我希望我的后辈们能够记住，在你踏上职业道路的这一刻开始，你的目标就只有：冠军！','#ff0000',1,1,1,'2022-06-02 03:32:21',0),(140,4,872,'我希望我的后辈们能够记住，在你踏上职业道路的这一刻开始，你的目标就只有：冠军！','#ff0000',1,1,1,'2022-06-02 03:32:22',0),(141,4,872,'我希望我的后辈们能够记住，在你踏上职业道路的这一刻开始，你的目标就只有：冠军！','#ff0000',1,1,1,'2022-06-02 03:32:23',0),(142,4,872,'我希望我的后辈们能够记住，在你踏上职业道路的这一刻开始，你的目标就只有：冠军！','#ff0000',1,1,1,'2022-06-02 03:32:23',0),(143,4,872,'我希望我的后辈们能够记住，在你踏上职业道路的这一刻开始，你的目标就只有：冠军！','#ff0000',1,1,1,'2022-06-02 03:32:24',0),(144,4,876,'我希望我的后辈们能够记住，在你踏上职业道路的这一刻开始，你的目标就只有：冠军！','#ff0000',1,1,1,'2022-06-02 03:32:26',0),(145,4,876,'我希望我的后辈们能够记住，在你踏上职业道路的这一刻开始，你的目标就只有：冠军！','#ff0000',1,1,1,'2022-06-02 03:32:27',0),(146,4,876,'我希望我的后辈们能够记住，在你踏上职业道路的这一刻开始，你的目标就只有：冠军！','#ff0000',1,1,1,'2022-06-02 03:32:28',0),(147,5,60,'哈哈哈','#ffffff',0,1,1,'2022-06-02 03:33:35',0),(148,5,136,'hhh','#ff0000',0,1,1,'2022-06-02 03:33:43',0),(149,5,171,'hhh','#1d00f7',0,1,1,'2022-06-02 03:33:54',0),(150,5,198,'It is my duty','#1d00f7',2,1,1,'2022-06-02 03:34:07',0),(151,5,228,'呵呵','#daf700',1,1,1,'2022-06-02 03:34:22',0),(152,1,10,'《 你怎么睡得着的》','#ff0000',1,1,1,'2022-06-02 03:34:51',1),(153,1,10,'《 你怎么睡得着的》','#ff0000',1,1,1,'2022-06-02 03:34:53',1),(154,1,19,'《 你怎么睡得着的》','#ff0000',1,1,1,'2022-06-02 03:34:57',1),(155,1,19,'《 你怎么睡得着的》','#ff0000',1,1,1,'2022-06-02 03:34:59',1),(156,1,19,'《 你怎么睡得着的》','#ff0000',1,1,1,'2022-06-02 03:35:00',1),(157,1,27,'《 你怎么睡得着的》','#ff0000',1,1,1,'2022-06-02 03:35:03',1),(158,1,33,'《 你怎么睡得着的》','#ff0000',1,1,1,'2022-06-02 03:35:06',1),(159,1,42,'《 你怎么睡得着的》','#ff0000',1,1,1,'2022-06-02 03:35:09',1),(160,1,42,'hhhhh','#ff0000',0,1,1,'2022-06-02 03:35:17',2),(161,1,42,'hhh','#ff0000',0,1,1,'2022-06-02 03:35:20',1),(162,1,48,'哈哈哈','#ff0000',0,1,1,'2022-06-02 03:35:24',2),(163,1,76,'哈哈哈','#ff0000',0,1,1,'2022-06-02 03:35:27',0),(164,1,95,'hhh','#ff0000',0,1,1,'2022-06-02 03:35:29',2),(165,3,225,'平行世界','#ff0000',1,1,1,'2022-06-02 03:36:01',0),(166,3,240,'平行世界','#ff0000',1,1,1,'2022-06-02 03:36:02',0),(167,3,252,'平行世界','#ff0000',1,1,1,'2022-06-02 03:36:04',0),(168,3,261,'平行世界','#ff0000',1,1,1,'2022-06-02 03:36:04',0),(169,3,269,'平行世界','#ff0000',1,1,1,'2022-06-02 03:36:05',2),(170,3,277,'平行世界','#ff0000',1,1,1,'2022-06-02 03:36:06',0),(171,3,313,'秀','#ff0000',1,1,1,'2022-06-02 03:36:10',1),(172,2,21,'yyds','#ffffff',0,1,1,'2022-06-02 03:36:48',0),(173,2,21,'yyds','#ff0000',1,1,1,'2022-06-02 03:36:55',0),(174,2,31,'yyds','#ff0000',1,1,1,'2022-06-02 03:36:58',0),(175,2,31,'yyds','#ff0000',1,1,1,'2022-06-02 03:36:59',0),(176,2,31,'yyds','#ff0000',1,1,1,'2022-06-02 03:37:00',0),(177,2,31,'yyds','#ff0000',1,1,1,'2022-06-02 03:37:01',0),(178,2,11,'刘翔，永远滴神！','#ffffff',0,1,1,'2022-06-02 03:37:42',1),(179,2,11,'刘翔，永远滴神！','#ffffff',0,1,1,'2022-06-02 03:37:44',0),(180,2,11,'刘翔，永远滴神！','#ffffff',0,1,1,'2022-06-02 03:37:45',0),(181,2,11,'刘翔，永远滴神！','#ffffff',0,1,1,'2022-06-02 03:37:46',0),(182,2,11,'刘翔，永远滴神！','#ffffff',0,1,1,'2022-06-02 03:37:46',0),(183,2,11,'刘翔，永远滴神！','#ffffff',0,1,1,'2022-06-02 03:37:48',0),(184,2,11,'刘翔，永远滴神！','#ffffff',0,1,1,'2022-06-02 03:37:48',1),(185,2,5,'刘翔，永远滴神！','#ff0000',1,1,1,'2022-06-02 03:38:20',1),(186,2,130,'刘翔，永远滴神！','#ff0000',1,1,1,'2022-06-02 03:38:30',0),(187,2,130,'刘翔，永远滴神！','#ff0000',1,1,1,'2022-06-02 03:38:30',0),(188,2,130,'刘翔，永远滴神！','#ff0000',1,1,1,'2022-06-02 03:38:31',0),(189,2,130,'刘翔，永远滴神！','#ff0000',1,1,1,'2022-06-02 03:38:32',0),(190,2,130,'刘翔，永远滴神！','#ff0000',1,1,1,'2022-06-02 03:38:33',0),(191,2,130,'刘翔，永远滴神！','#ff0000',1,1,1,'2022-06-02 03:38:33',0),(192,3,541,'！！！','#ff0000',1,1,2,'2022-06-02 04:17:13',0),(193,3,552,'！！！','#ff0000',1,1,2,'2022-06-02 04:17:14',2),(194,3,560,'！！！','#ff0000',1,1,2,'2022-06-02 04:17:15',0),(195,3,569,'！！！','#ff0000',1,1,2,'2022-06-02 04:17:16',1),(196,3,579,'！！！','#ff0000',1,1,2,'2022-06-02 04:17:17',1),(197,3,589,'！！！','#ff0000',1,1,2,'2022-06-02 04:17:18',0),(198,3,599,'！！！','#ff0000',1,1,2,'2022-06-02 04:17:19',0),(199,3,608,'艺术！','#ff0000',1,1,2,'2022-06-02 04:17:20',0),(200,3,616,'艺术！','#ff0000',1,1,2,'2022-06-02 04:17:21',0),(201,3,626,'艺术！','#ff0000',1,1,2,'2022-06-02 04:17:22',0),(202,3,634,'艺术！','#ff0000',1,1,2,'2022-06-02 04:17:23',0),(203,3,642,'艺术！','#ff0000',1,1,2,'2022-06-02 04:17:24',0),(204,4,124,'小虎！','#ff0000',1,1,2,'2022-06-02 04:17:47',0),(205,4,133,'小虎！','#ff0000',1,1,2,'2022-06-02 04:17:48',0),(206,4,143,'小虎！','#ff0000',1,1,2,'2022-06-02 04:17:49',0),(207,4,157,'小虎！','#ff0000',1,1,2,'2022-06-02 04:17:50',0),(208,4,167,'小虎！','#ff0000',1,1,2,'2022-06-02 04:17:51',0),(209,4,178,'小虎！小虎！小虎！','#ff0000',1,1,2,'2022-06-02 04:17:52',2),(210,4,562,'XIAOHU！','#ff0000',1,1,2,'2022-06-02 04:18:30',0),(211,4,562,'XIAOHU！','#ff0000',1,1,2,'2022-06-02 04:18:31',0),(212,4,562,'XIAOHU！','#ff0000',1,1,2,'2022-06-02 04:18:32',0),(213,4,562,'XIAOHU！','#ff0000',1,1,2,'2022-06-02 04:18:32',0),(214,4,565,'XIAOHU！','#ff0000',1,1,2,'2022-06-02 04:18:36',0),(215,4,565,'XIAOHU！','#ff0000',1,1,2,'2022-06-02 04:18:37',0),(216,4,571,'XIAOHU！','#ff0000',1,1,2,'2022-06-02 04:18:41',0),(217,4,571,'XIAOHU！','#ff0000',1,1,2,'2022-06-02 04:18:42',0),(218,4,571,'XIAOHU！','#ff0000',1,1,2,'2022-06-02 04:18:43',0),(219,4,571,'销户！','#ff0000',1,1,2,'2022-06-02 04:18:47',0),(220,4,571,'销户！','#ff0000',1,1,2,'2022-06-02 04:18:48',0),(221,4,571,'销户！','#ff0000',1,1,2,'2022-06-02 04:18:49',0),(222,4,571,'销户！','#ff0000',1,1,2,'2022-06-02 04:18:49',0),(223,4,571,'销户！','#ff0000',1,1,2,'2022-06-02 04:18:50',2),(224,2,199,'我曾踏足山巅，也曾进入低谷！','#ff0000',1,1,2,'2022-06-02 04:23:36',0),(225,2,199,'我曾踏足山巅，也曾进入低谷！','#ff0000',1,1,2,'2022-06-02 04:23:37',0),(226,2,199,'我曾踏足山巅，也曾进入低谷！','#ff0000',1,1,2,'2022-06-02 04:23:38',0),(227,2,268,'时代，见证了刘翔！','#ff0000',1,1,2,'2022-06-02 04:24:42',0),(228,2,268,'时代，见证了刘翔！','#ff0000',1,1,2,'2022-06-02 04:24:43',0),(229,2,268,'时代，见证了刘翔！','#ff0000',1,1,2,'2022-06-02 04:24:44',0),(230,2,268,'时代，见证了刘翔！','#ff0000',1,1,2,'2022-06-02 04:24:45',0),(231,2,268,'时代，见证了刘翔！','#ff0000',1,1,2,'2022-06-02 04:24:46',0),(232,2,268,'时代，见证了刘翔！','#ff0000',1,1,2,'2022-06-02 04:24:47',0),(233,2,289,'时代，见证了刘翔！','#ff0000',1,1,2,'2022-06-02 04:24:52',0),(234,2,295,'时代，见证了刘翔！','#ff0000',1,1,2,'2022-06-02 04:24:55',0),(235,2,298,'时代，见证了刘翔！','#ff0000',1,1,2,'2022-06-02 04:24:57',0),(236,2,302,'时代，见证了刘翔！','#ff0000',1,1,2,'2022-06-02 04:25:00',0),(237,2,310,'时代，见证了刘翔！','#ff0000',1,1,2,'2022-06-02 04:25:04',0),(238,2,310,'时代，见证了刘翔！','#ff0000',1,1,2,'2022-06-02 04:25:04',2),(239,2,310,'时代，见证了刘翔！','#ff0000',1,1,2,'2022-06-02 04:25:05',0),(240,2,310,'时代，见证了刘翔！','#ff0000',1,1,2,'2022-06-02 04:25:06',0),(241,2,310,'时代，见证了刘翔！','#ff0000',1,1,2,'2022-06-02 04:25:07',0),(242,2,456,'致敬刘翔，永远的神！','#ff0000',1,1,2,'2022-06-02 04:25:33',0),(243,2,465,'致敬刘翔，永远的神！','#ff0000',1,1,2,'2022-06-02 04:25:34',0),(244,2,471,'致敬刘翔，永远的神！','#ff0000',1,1,2,'2022-06-02 04:25:34',0),(245,2,487,'致敬刘翔，永远的神！','#ff0000',1,1,2,'2022-06-02 04:25:37',0),(246,2,487,'致敬刘翔，永远的神！','#ff0000',1,1,2,'2022-06-02 04:25:38',0),(247,2,487,'致敬刘翔，永远的神！','#ff0000',1,1,2,'2022-06-02 04:25:38',0),(248,2,487,'致敬刘翔，永远的神！','#ff0000',1,1,2,'2022-06-02 04:25:39',0),(249,2,487,'致敬刘翔，永远的神！','#ff0000',1,1,2,'2022-06-02 04:25:39',0),(250,2,487,'致敬刘翔，永远的神！','#ff0000',1,1,2,'2022-06-02 04:25:40',0),(251,2,487,'致敬刘翔，永远的神！','#ff0000',1,1,2,'2022-06-02 04:25:41',0),(252,2,487,'致敬刘翔，永远的神！','#ff0000',1,1,2,'2022-06-02 04:25:41',0),(253,2,487,'致敬刘翔，永远的神！','#ff0000',1,1,2,'2022-06-02 04:25:42',0),(254,2,487,'致敬刘翔，永远的神！','#ff0000',1,1,2,'2022-06-02 04:25:42',0),(255,2,487,'致敬刘翔，永远的神！','#ff0000',1,1,2,'2022-06-02 04:25:43',0),(256,2,487,'致敬刘翔，永远的神！','#ff0000',1,1,2,'2022-06-02 04:25:44',0),(257,1,51,'《你这个年龄段》','#ffffff',0,1,2,'2022-06-02 04:27:29',1),(258,1,51,'《你这个年龄段》','#ff0000',1,1,2,'2022-06-02 04:27:35',1),(259,1,51,'《你这个年龄段》','#ff0000',1,1,2,'2022-06-02 04:27:36',2),(260,1,51,'《你这个年龄段》','#ff0000',1,1,2,'2022-06-02 04:27:37',1),(261,1,51,'《你这个年龄段》','#ff0000',1,1,2,'2022-06-02 04:27:37',1),(262,1,51,'《你这个年龄段》','#ff0000',1,1,2,'2022-06-02 04:27:38',1),(263,1,51,'《你这个年龄段》','#ff0000',1,1,2,'2022-06-02 04:27:38',0),(264,1,51,'《你这个年龄段》','#ff0000',1,1,2,'2022-06-02 04:27:39',0),(265,1,51,'《你这个年龄段》','#ff0000',1,1,2,'2022-06-02 04:27:40',0),(266,1,51,'《你这个年龄段》','#ff0000',1,1,2,'2022-06-02 04:27:40',0),(267,1,51,'《你这个年龄段》','#ff0000',1,1,2,'2022-06-02 04:27:41',0),(268,1,51,'《你这个年龄段》','#ff0000',1,1,2,'2022-06-02 04:27:42',0),(269,3,36,'hhh','#ffffff',0,1,2,'2022-06-02 11:22:44',0),(270,6,50,'6666','#ffffff',0,1,2,'2022-06-02 14:46:35',2),(271,1,71,'测试弹幕','#ff0000',2,1,2,'2022-06-03 08:59:30',0),(272,1,22,'测试弹幕','#1500fc',2,1,2,'2022-06-03 08:59:51',2),(273,2,34,'hhhh','#ffffff',0,1,1,'2022-06-03 09:48:18',2);

/*Table structure for table `shield` */

DROP TABLE IF EXISTS `shield`;

CREATE TABLE `shield` (
  `shield_id` int(11) NOT NULL AUTO_INCREMENT,
  `shield_userid` int(11) NOT NULL COMMENT '屏蔽弹幕的用户ID',
  `shield_banid` int(11) NOT NULL COMMENT '所屏蔽的弹幕ID',
  PRIMARY KEY (`shield_id`) USING BTREE
) ENGINE=InnoDB AUTO_INCREMENT=61 DEFAULT CHARSET=utf8 ROW_FORMAT=COMPACT;

/*Data for the table `shield` */

insert  into `shield`(`shield_id`,`shield_userid`,`shield_banid`) values (2,2,192),(3,2,204),(4,2,165),(5,2,240),(57,2,180),(58,2,156),(59,2,181),(60,2,182);

/*Table structure for table `user` */

DROP TABLE IF EXISTS `user`;

CREATE TABLE `user` (
  `user_id` int(11) NOT NULL AUTO_INCREMENT,
  `user_account` varchar(255) CHARACTER SET utf8 COLLATE utf8_general_ci NOT NULL,
  `user_password` varchar(255) CHARACTER SET utf8 COLLATE utf8_general_ci NOT NULL,
  `user_nickname` varchar(255) CHARACTER SET utf8 COLLATE utf8_general_ci DEFAULT NULL,
  `user_email` varchar(255) CHARACTER SET utf8 COLLATE utf8_general_ci DEFAULT NULL,
  `user_type` int(11) DEFAULT NULL,
  `user_profilepic` varchar(255) CHARACTER SET utf8 COLLATE utf8_general_ci DEFAULT NULL,
  `user_aboutself` varchar(255) CHARACTER SET utf8 COLLATE utf8_general_ci DEFAULT NULL,
  PRIMARY KEY (`user_id`) USING BTREE
) ENGINE=InnoDB AUTO_INCREMENT=12 DEFAULT CHARSET=utf8 ROW_FORMAT=COMPACT;

/*Data for the table `user` */

insert  into `user`(`user_id`,`user_account`,`user_password`,`user_nickname`,`user_email`,`user_type`,`user_profilepic`,`user_aboutself`) values (1,'admin','admin','管理员','502081700@qq.com',0,'admin.jpg','管理员本人'),(2,'user','123456','w','577159462@qq.com',6,'user1.jpg','合抱之木，生于毫末；九层之台，起于累土！'),(3,'jay','123456','Jay','jay@mail',1,'jay3.jpg','地表最强'),(5,'wuyikun','123456','Wu-YiKun','577159462@qq.com',3,'jay7.jpg','Wu-Yikun'),(11,'default-user','123123','诀绝子','123123@123',10,'default.jpg',NULL);

/*Table structure for table `video` */

DROP TABLE IF EXISTS `video`;

CREATE TABLE `video` (
  `video_id` int(11) NOT NULL AUTO_INCREMENT,
  `video_name` varchar(255) CHARACTER SET utf8 COLLATE utf8_general_ci NOT NULL,
  `video_url` varchar(255) CHARACTER SET utf8 COLLATE utf8_general_ci NOT NULL,
  `video_pic` varchar(255) CHARACTER SET utf8 COLLATE utf8_general_ci NOT NULL,
  `video__authorid` int(11) NOT NULL,
  `video_info` varchar(255) CHARACTER SET utf8 COLLATE utf8_general_ci DEFAULT NULL,
  `video_time` datetime NOT NULL,
  `video_type` int(11) NOT NULL,
  `video_playcount` int(11) NOT NULL DEFAULT '0',
  PRIMARY KEY (`video_id`) USING BTREE
) ENGINE=InnoDB AUTO_INCREMENT=14 DEFAULT CHARSET=utf8 ROW_FORMAT=COMPACT;

/*Data for the table `video` */

insert  into `video`(`video_id`,`video_name`,`video_url`,`video_pic`,`video__authorid`,`video_info`,`video_time`,`video_type`,`video_playcount`) values (1,'宝宝别睡啦！还有6669天就要考研啦！','kaoyan.mp4','kaoyan.jpg',2,'宝宝别睡啦！还有6669天就要考研啦！','2022-06-01 19:02:30',4,999999),(2,'刘翔：我的职业生涯从未退缩过！希望这句话与君共勉','liuxiang.mp4','liuxiang.jpg',2,'最伟大的运动员之一：刘翔！','2022-05-29 13:05:06',2,999999),(3,'125位艺术家，125种截然不同的平行宇宙畅想','Artwork.mp4','Artwork.jpg',5,'「平行时空」的艺术挑战—— 125位参与的3D艺术家，用任意软件对同一个场景进行上色和装饰，得到了125个截然不同的世界。集合在视频中一同观看，有一种难以名状的惊艳与震撼。','2022-06-02 17:06:23',1,999999),(4,'成  王  败  寇','Bible.mp4','Bible.jpg',3,'小虎圣经','2022-05-31 21:07:26',5,999999),(6,'刘翔退役！','xiangge.mp4','xiangge.jpg',2,'挥泪告别这个时代！','2022-06-02 11:24:50',2,0),(9,'谈恋爱不如搞数学','谈恋爱不如搞数学.mp4','谈恋爱不如搞数学.jpg',1,'谈恋爱不如搞数学谈恋爱不如搞数学谈恋爱不如搞数学谈恋爱不如搞数学谈恋爱不如搞数学谈恋爱不如搞数学','2022-06-09 13:53:20',4,0),(13,'可恶，被他装到了！','xiaohu.mp4','xiaohu.jpg',3,'销户~','2022-06-09 15:51:50',5,0);

/*Table structure for table `videotype` */

DROP TABLE IF EXISTS `videotype`;

CREATE TABLE `videotype` (
  `videotype_id` int(11) NOT NULL AUTO_INCREMENT,
  `videotype_name` varchar(255) CHARACTER SET utf8 COLLATE utf8_general_ci NOT NULL,
  PRIMARY KEY (`videotype_id`) USING BTREE
) ENGINE=InnoDB AUTO_INCREMENT=6 DEFAULT CHARSET=utf8 ROW_FORMAT=COMPACT;

/*Data for the table `videotype` */

insert  into `videotype`(`videotype_id`,`videotype_name`) values (1,'动画'),(2,'运动'),(3,'历史'),(4,'生活'),(5,'游戏');

/*!40101 SET SQL_MODE=@OLD_SQL_MODE */;
/*!40014 SET FOREIGN_KEY_CHECKS=@OLD_FOREIGN_KEY_CHECKS */;
/*!40014 SET UNIQUE_CHECKS=@OLD_UNIQUE_CHECKS */;
/*!40111 SET SQL_NOTES=@OLD_SQL_NOTES */;
